,station_id,latitude,longitude
0,2733.03,40.633385,-74.016562
1,2782.02,40.635678999999996,-74.020005
2,2832.03,40.637033,-74.022141
3,2872.02,40.63766,-74.01782
4,2883.03,40.638329864,-74.024691939
5,2912.08,40.638196,-74.013821
6,2923.01,40.639885783000004,-74.019862652
7,2932.03,40.639366865,-74.026800513
8,2951.05,40.639672999999995,-74.008957
9,2961.05,40.640125,-74.015726
10,2971.02,40.639978,-74.02324
11,3000.08,40.640831,-74.01099599999999
12,3007.05,40.642031,-73.981073
13,3011.03,40.641289473,-74.01763832600001
14,3019.02,40.640493,-74.02564
15,3038.08,40.64251852,-74.006071448
16,3046.03,40.643817,-73.97743299999999
17,3050.03,40.642408,-74.013318
18,3056.05,40.643546,-73.986418
19,3084.05,40.642730951,-74.009604692
20,3090.06,40.642809,-73.979239
21,3093.07,40.642675519,-74.016853333
22,3117.05,40.644749284,-74.00380861800001
23,3125.09,40.64471895763575,-73.97451460361482
24,3129.08,40.643371,-74.011884
25,3135.04,40.644366999999995,-73.984276
26,3138.09,40.644512,-74.021506
27,3161.02,40.645921,-74.005708
28,3166.03,40.645074,-73.979681
29,3169.07,40.644861999999996,-74.014531
30,3178.02,40.646387458,-74.02309465399999
31,3192.05,40.647379,-74.000911
32,3199.01,40.647718,-73.973663
33,3202.06,40.646351,-74.009271
34,3208.07,40.646037,-73.980963
35,3211.06,40.64744,-74.018846
36,3220.01,40.646475,-74.026081
37,3230.01,40.648481,-73.97058
38,3233.06,40.647104999999996,-74.004483
39,3240.15,40.649013996,-73.97686255
40,3243.02,40.649143,-74.012384
41,3253.01,40.649291999999996,-74.020105
42,3266.01,40.648169,-74.000057
43,3272.01,40.648055,-73.972432
44,3275.03,40.649145000000004,-74.009486
45,3280.04,40.648005,-73.979342
46,3283.05,40.650176,-74.015606
47,3303.01,40.649681,-73.96782900000001
48,3306.03,40.649983,-74.005144
49,3312.07,40.651745,-73.975988
50,3315.05,40.651173,-74.01140500000001
51,3344.02,40.651509166,-73.972085118
52,3347.03,40.651354,-74.00716800000001
53,3353.04,40.650754571,-73.977706075
54,3356.05,40.652502,-74.013587
55,3376.02,40.651847,-73.965248
56,3379.03,40.652657,-74.002356
57,3385.06,40.652563,-73.972573
58,3388.02,40.652512,-74.00890600000001
59,3394.03,40.651731491,-73.98124527899999
60,3420.01,40.654144,-74.00421999999999
61,3426.02,40.653368,-73.976291
62,3428.02,40.654798,-74.014372
63,3451.01,40.654098,-74.001131
64,3457.03,40.65482,-73.973217
65,3460.01,40.65708866668485,-74.00870203971863
66,3460.02,40.655716,-74.006664
67,3460.04,40.656326,-74.00962700000001
68,3492.04,40.655278,-74.003101
69,3498.09,40.657265,-73.974165
70,3501.01,40.65539977447831,-74.0106278657913
71,3507.04,40.656633,-73.983864
72,3515.01,40.658029,-73.98960500000001
73,3523.06,40.657014608000004,-73.99817335600001
74,3532.02,40.659176,-74.006584
75,3538.09,40.656290000000006,-73.977335
76,3547.04,40.658489,-73.985543
77,3555.04,40.659555,-73.995068
78,3564.04,40.657742999999996,-74.001141
79,3579.04,40.65949055893896,-73.98013919591905
80,3588.01,40.659053,-73.98854
81,3596.04,40.660078999999996,-73.998633
82,3611.02,40.659947515,-73.977452159
83,3620.02,40.660906,-73.983074
84,3628.11,40.66016,-73.990974
85,3651.04,40.6610633719006,-73.97945255041121
86,3660.07,40.660899281999995,-73.986875176
87,3665.06,40.662717581,-73.956812501
88,3668.04,40.662584,-73.995554
89,3696.05,40.6630619,-73.95387459999999
90,3699.07,40.663493,-73.991007
91,3704.04,40.663657,-73.963014
92,3704.08,40.66407983678161,-73.96025128666679
93,3707.01,40.66255784,-73.998629451
94,3722.04,40.664946198,-73.976306558
95,3731.11,40.663779,-73.98396846
96,3736.03,40.665816,-73.95693399999999
97,3736.04,40.664260149,-73.957609773
98,3739.06,40.665507,-73.993037
99,3762.08,40.666207799999995,-73.98199886
100,3771.06,40.666287,-73.98895053
101,3776.05,40.666439306870814,-73.96055638790129
102,3779.02,40.666168,-73.995549
103,3803.05,40.666318100000005,-73.9854617
104,3803.09,40.668127,-73.98377641
105,3811.05,40.666197,-73.99246600000001
106,3834.1,40.668662700000006,-73.97988067
107,3842.08,40.668731928,-73.987069488
108,3847.04,40.6679411,-73.9588
109,3850.03,40.6685455,-73.99333264
110,3856.03,40.668490051999996,-73.966193318
111,3865.05,40.668132,-73.97363831
112,3874.01,40.670483600000004,-73.98208968
113,3879.04,40.6691783,-73.9554162
114,3882.01,40.668603000000004,-73.99043940000001
115,3887.03,40.6686744,-73.9618148
116,3905.15,40.670396686,-73.978288531
117,3914.02,40.670492200000005,-73.98541675
118,3919.07,40.670776700000005,-73.9576801
119,3922.02,40.671941638,-73.99359107
120,3928.08,40.6716493,-73.9631145
121,3931.09,40.671403526999995,-74.001367688
122,3940.04,40.67267243410948,-74.00879524648191
123,3946.07,40.672784,-73.979826
124,3955.05,40.6705135,-73.98876585
125,3960.01,40.672168299999996,-73.9609
126,3972.08,40.672505799999996,-74.00494695
127,3978.13,40.671197799999995,-73.97484126
128,3981.1,40.67363551341504,-74.01195555925368
129,3987.06,40.672815500000006,-73.98352355
130,3993.03,40.672695000000004,-73.954131
131,3996.01,40.67260298150126,-73.98983001708984
132,4001.09,40.6737236,-73.9631611
133,4010.01,40.673134000000005,-73.96910600000001
134,4010.13,40.675020700000005,-73.97111473
135,4010.15,40.672992945,-73.97080946
136,4013.08,40.6747055,-74.00755720000001
137,4019.06,40.6740886,-73.9787282
138,4028.03,40.675070500000004,-73.98775226
139,4028.04,40.673746,-73.985649
140,4033.06,40.67418060000001,-73.95649470000001
141,4042.08,40.674012299999994,-73.9671457
142,4045.01,40.67434,-74.00194698
143,4051.01,40.675146838709786,-73.9752320945263
144,4054.02,40.6753274,-74.0100698
145,4060.09,40.6751622,-73.9814832
146,4066.15,40.67638886,-73.952920198
147,4074.03,40.676519799999994,-73.9596082
148,4077.04,40.67469570000001,-73.99785768
149,4077.07,40.6763947,-73.99869893
150,4086.05,40.6769993,-74.00647134
151,4086.06,40.6763744,-74.00324957
152,4095.03,40.6773429,-74.01275056
153,4095.1,40.675832943912894,-74.01472628116608
154,4101.17,40.676757,-73.983262
155,4107.05,40.6758324,-73.95616770000001
156,4107.13,40.67759206937376,-73.95563721656801
157,4110.1,40.6777287,-73.99364123
158,4116.08,40.6769694,-73.96579
159,4119.04,40.6783563,-74.00014502
160,4124.04,40.680356084043396,-73.94767910242079
161,4125.07,40.67761470000001,-73.97324283
162,4128.08,40.677774799999995,-74.0094613
163,4134.06,40.6765304,-73.97846879
164,4137.1,40.677236,-74.015665
165,4137.14,40.67818387977647,-74.0170168876648
166,4143.03,40.67909799721684,-73.98765474557877
167,4143.04,40.677027,-73.9865
168,4148.07,40.67919439999999,-73.95879029999999
169,4151.01,40.678724200000005,-73.99599099
170,4157.1,40.6794388,-73.96804379999999
171,4161.01,40.678724408,-73.903619409
172,4166.08,40.6793307,-73.97519523
173,4169.04,40.679043,-74.011169
174,4175.14,40.67927879999999,-73.98154004
175,4175.15,40.6772744,-73.98282002
176,4184.07,40.678501725,-73.990266085
177,4190.06,40.678045000000004,-73.962408
178,4193.14,40.68099761,-73.999254942
179,4199.12,40.68097410000001,-73.97100970000001
180,4202.04,40.67943270000001,-74.00785041
181,4203.04,40.67945,-73.90474
182,4205.06,40.67890679,-73.94142771
183,4208.01,40.678970070475735,-73.9785526692867
184,4214.03,40.6809833854,-73.9500479759
185,4217.02,40.6802133,-73.98432695
186,4222.02,40.680342423,-73.9557689392
187,4225.14,40.680611,-73.99475825
188,4228.02,40.6794268,-73.92989109999999
189,4231.04,40.6804836,-73.9646795
190,4237.01,40.6814598,-73.934903
191,4237.02,40.6800105,-73.938475
192,4243.01,40.681211700000006,-74.00860912
193,4244.06,40.68139,-73.90756
194,4249.1,40.68177810928761,-73.97988975048065
195,4255.05,40.682180405,-73.953856468
196,4258.07,40.681923389,-73.990777373
197,4263.12,40.68186,-73.95943199999999
198,4266.03,40.683116399999996,-73.99785267
199,4278.03,40.682601,-73.938037
200,4281.08,40.680944723477296,-73.97567331790923
201,4285.09,40.683339238,-73.911579132
202,4290.08,40.683426000000004,-73.984275
203,4298.05,40.6829151,-73.99318208
204,4317.05,40.68280828,-73.906210899
205,4319.07,40.682368700000005,-73.944118
206,4322.06,40.68256425759694,-73.97989779710771
207,4327.09,40.684020000000004,-73.94977
208,4330.09,40.6843549,-73.98901629
209,4336.01,40.68458271,-73.958835602
210,4339.01,40.6849894,-73.99440329
211,4345.11,40.68323865460341,-73.96599590778352
212,4348.07,40.6830456,-74.00348559
213,4354.05,40.68539567,-73.97431458
214,4354.07,40.68382604,-73.97632328
215,4357.01,40.684606194000004,-73.90920043
216,4362.04,40.6853761,-73.98302136
217,4366.01,40.68565,-73.91564
218,4368.05,40.6851443,-73.95380904
219,4371.01,40.68542400997018,-73.99127773940562
220,4374.01,40.68512559515415,-74.02535319328308
221,4377.04,40.68488,-73.96304
222,4380.08,40.684751399999996,-73.99917254
223,4386.05,40.68415748,-73.96922273
224,4392.04,40.6851532,-73.94111
225,4395.07,40.68506807308177,-73.97790759801863
226,4399.03,40.68652,-73.91320999999999
227,4404.1,40.6849668,-73.98620772
228,4413.08,40.686371,-73.99383324
229,4419.03,40.68650065,-73.96563307
230,4422.04,40.6859296,-74.00242364
231,4422.05,40.68763155,-74.0016256
232,4425.02,40.686312,-73.935775
233,4428.02,40.68753406,-73.97265183
234,4432.1,40.6882,-73.90798000000001
235,4434.06,40.686203000000006,-73.944694
236,4437.01,40.68683208,-73.9796772
237,4437.09,40.687372476507186,-73.98176059126855
238,4440.02,40.687065798759114,-74.01675585121666
239,4441.06,40.68663,-73.9168
240,4446.01,40.686744299999994,-73.99063168
241,4446.05,40.686444200000004,-73.98759104
242,4452.01,40.68900443,-73.96023854
243,4452.03,40.68676793,-73.95928168
244,4455.1,40.688255165980046,-73.99545192718506
245,4455.11,40.686292887,-73.996613145
246,4461.01,40.68764484,-73.96968902
247,4461.04,40.68940747,-73.96885458
248,4470.09,40.68700231292619,-73.97664964199065
249,4474.01,40.68858,-73.91226999999999
250,4476.03,40.6900815,-73.94791500000001
251,4479.06,40.68962188790333,-73.98304268717766
252,4479.08,40.688337325999996,-73.984866619
253,4483.1,40.68822,-73.91966
254,4488.08,40.6902375,-73.99203074
255,4488.09,40.68848905639242,-73.99116039276123
256,4494.04,40.688662767,-73.964783788
257,4497.09,40.68939520000001,-73.99951259999999
258,4507.07,40.68906,-73.90505999999999
259,4510.04,40.6894932,-73.942061
260,4513.06,40.689888,-73.981013
261,4513.09,40.690065000000004,-73.978776
262,4517.03,40.689890000000005,-73.91458
263,4519.02,40.68833370000001,-73.950916
264,4519.04,40.69072549,-73.95133465
265,4526.01,40.69047,-73.923511
266,4528.01,40.69064807082943,-73.95746178925037
267,4531.05,40.69089272,-73.99612349
268,4546.04,40.68981035,-73.97493121
269,4546.05,40.6917823,-73.97372990000001
270,4550.05,40.68929,-73.90951
271,4553.04,40.69128258,-73.9452416
272,4560.01,40.691250801,-73.916905999
273,4565.04,40.69102925677968,-73.99183362722397
274,4568.01,40.692,-73.92617
275,4582.05,40.69081,-73.90448
276,4587.02,40.69178,-73.97877
277,4590.01,40.69231660719192,-74.01486575603484
278,4591.04,40.69055,-73.91181
279,4596.05,40.69221589,-73.9842844
280,4596.09,40.69236178,-73.98631746
281,4600.09,40.691583275999996,-73.921616912
282,4605.04,40.69239502,-73.99337909
283,4608.01,40.693290000000005,-73.92851999999999
284,4611.03,40.69196035,-73.96536851
285,4614.04,40.69165183,-73.99997859999999
286,4617.01,40.69237074,-73.93705428
287,4620.02,40.69308257,-73.97178913
288,4623.02,40.693000000000005,-73.90824
289,4628.05,40.69196566,-73.9813018
290,4628.07,40.693534,-73.981909
291,4632.1,40.69296,-73.91605
292,4634.02,40.69331716,-73.95381995
293,4637.06,40.692418292578466,-73.98949474096298
294,4640.01,40.69356,-73.92524
295,4645.04,40.69400964865994,-73.99465128779411
296,4645.09,40.69512845,-73.99595065
297,4651.02,40.693261,-73.968896
298,4654.01,40.695236802,-73.90304148199999
299,4656.03,40.693398200000004,-73.939877
300,4659.02,40.69327018,-73.97703874
301,4663.06,40.69545,-73.91164
302,4665.02,40.69425403,-73.94626915
303,4668.08,40.69474881,-73.98362464
304,4672.01,40.69543,-73.9196
305,4677.01,40.69597683,-73.99014892
306,4677.06,40.6942715,-73.9923272
307,4680.05,40.695008516,-73.928286552
308,4683.02,40.693276882,-73.96222770199999
309,4689.03,40.695440000000005,-73.93223
310,4692.01,40.69573398,-73.97129668
311,4695.04,40.694700956,-73.906643867
312,4697.01,40.69622937,-73.94371094
313,4700.06,40.69608941,-73.97803415
314,4707.03,40.69539817,-73.94954908
315,4707.04,40.69527008,-73.95238108
316,4710.06,40.695065,-73.987167
317,4713.01,40.69676,-73.92302
318,4715.01,40.694400072,-73.957974553
319,4718.08,40.69535693320225,-73.99344027042389
320,4721.01,40.696709999999996,-73.92806999999999
321,4724.03,40.69622004,-73.96720564399999
322,4729.01,40.69682,-73.937569
323,4732.04,40.695684551999996,-73.97349834399999
324,4732.08,40.697787,-73.973736
325,4735.03,40.69811,-73.90904
326,4735.16,40.6972,-73.90674
327,4743.04,40.697140000000005,-73.91566
328,4748.07,40.696232971293156,-73.99142056703569
329,4751.01,40.697842,-73.926241
330,4756.04,40.698458,-73.997178
331,4759.02,40.69757,-73.93098
332,4762.04,40.69794,-73.96986848
333,4762.05,40.69795031569544,-73.97077560424805
334,4765.07,40.69812,-73.90271
335,4768.02,40.698617,-73.941342
336,4775.01,40.698,-73.9127
337,4781.03,40.69766564,-73.98476437
338,4781.05,40.698477000000004,-73.98384
339,4784.02,40.698568,-73.918877
340,4789.03,40.697647572,-73.993299723
341,4792.03,40.700003,-73.92834
342,4798.02,40.699220000000004,-73.89795
343,4798.1,40.6988,-73.9007
344,4801.04,40.697480999999996,-73.935877
345,4804.02,40.69985,-73.97140999999999
346,4807.02,40.700585841999995,-73.907329321
347,4812.02,40.69839895,-73.98068914
348,4812.04,40.699569,-73.979827
349,4816.02,40.69943,-73.91337
350,4816.05,40.69905,-73.91516
351,4818.03,40.700303315999996,-73.950317144
352,4821.03,40.700119,-73.9862
353,4821.06,40.69991755,-73.98971773
354,4821.1,40.700763083261506,-73.98869812488556
355,4824.03,40.699304,-73.92304399999999
356,4829.01,40.70037867,-73.99548059
357,4832.07,40.70112,-73.93039
358,4837.03,40.699690000000004,-73.9022
359,4840.06,40.700990000000004,-73.93921
360,4843.01,40.6999974843885,-73.97440128028394
361,4846.01,40.70122128,-74.01234218
362,4847.03,40.69987140882989,-73.91171872615814
363,4850.04,40.69957608,-73.94708417
364,4853.06,40.70133448066992,-73.98471236228944
365,4856.05,40.70108,-73.9179
366,4861.05,40.7003,-73.99158100000001
367,4864.09,40.70166,-73.92754000000001
368,4873.08,40.70106,-73.93318000000001
369,4880.11,40.70183,-73.90625
370,4883.03,40.7016657,-73.9437303
371,4889.06,40.701907,-74.013942
372,4890.11,40.70113,-73.91422
373,4895.03,40.702461,-73.98684200000001
374,4895.09,40.70140317257725,-73.98672670125961
375,4898.02,40.7027,-73.92095
376,4903.08,40.702709675,-73.993734598
377,4903.09,40.702709000000006,-73.99253
378,4906.07,40.702996999999996,-73.92997
379,4914.03,40.700759999999995,-73.93641
380,4920.13,40.70188858913366,-74.01089876890181
381,4921.04,40.70157340873792,-73.90876293182373
382,4927.04,40.70224,-73.982578
383,4931.05,40.703545,-73.917775
384,4936.01,40.70255088,-73.98940236
385,4936.14,40.703212,-73.990409
386,4939.07,40.702013,-73.923769
387,4947.04,40.702831,-73.9333
388,4953.04,40.70355377,-74.00670227
389,4954.07,40.70408,-73.90408000000001
390,4956.02,40.7031724,-73.940636
391,4962.01,40.70463334,-74.01361706
392,4962.08,40.703568339,-74.011567354
393,4963.13,40.704683423,-73.910506725
394,4965.01,40.70413959,-73.948259115
395,4968.03,40.70296934155272,-73.98469090461731
396,4971.01,40.704876,-73.919911
397,4979.07,40.704425,-73.92836
398,4987.06,40.704508000000004,-73.9351
399,4990.02,40.7051480769839,-73.97078096866608
400,4993.02,40.7047177,-74.00926027
401,4993.13,40.70336686695865,-74.007867872715
402,4993.15,40.70469667894968,-74.00803416967392
403,4994.1,40.70405972,-73.907407522
404,4996.08,40.70510918,-73.94407279
405,5001.08,40.70569254,-74.01677685
406,5002.09,40.70577,-73.91292
407,5004.02,40.70538077,-73.94976519
408,5010.02,40.705614000000004,-73.92153
409,5018.06,40.70539,-73.92976
410,5024.1,40.706410755236135,-74.00559738278389
411,5025.02,40.70555,-73.90245
412,5027.02,40.705517,-73.93936
413,5033.01,40.70594513270881,-74.01321887969969
414,5034.03,40.705563784,-73.909606457
415,5036.06,40.705888033,-73.946481228
416,5043.06,40.706396461,-73.919491291
417,5045.05,40.70684203101325,-73.9544353965357
418,5051.01,40.707165,-73.923711
419,5051.02,40.70538,-73.92535
420,5059.02,40.706237,-73.933871
421,5065.04,40.70862144,-74.00722156
422,5065.1,40.70706456,-74.00731853
423,5065.12,40.70717936,-74.00887308
424,5065.14,40.70838,-74.00495
425,5066.03,40.70694,-73.90632
426,5068.02,40.70767788,-73.94016171
427,5073.07,40.708065823806464,-74.0135595202446
428,5074.08,40.70793,-73.91091999999999
429,5082.08,40.709070000000004,-73.92156999999999
430,5084.03,40.707098842,-73.95796573199999
431,5090.06,40.70686,-73.92851
432,5093.01,40.70853074,-73.96408963
433,5096.11,40.708484999999996,-74.002751
434,5096.12,40.7075188830923,-74.00108054280281
435,5099.02,40.710190000000004,-73.93734
436,5099.03,40.707185507,-73.935830593
437,5105.09,40.70858894240581,-74.00935482235809
438,5106.04,40.709697,-73.90785600000001
439,5108.01,40.70870368,-73.9448625
440,5114.06,40.70834698,-74.01713445
441,5115.01,40.70863,-73.91497
442,5115.05,40.709750652,-73.91726183899999
443,5117.05,40.70877084,-73.95095259
444,5123.07,40.708690000000004,-73.92586999999999
445,5125.03,40.710451,-73.960876
446,5125.07,40.70924826276157,-73.96063148975372
447,5128.04,40.71117444,-73.99682619
448,5137.1,40.71146364,-74.00552427
449,5137.11,40.70960089363537,-74.00655090808868
450,5137.13,40.710323100000004,-74.0043228
451,5140.06,40.709897,-73.94008000000001
452,5145.02,40.709267,-74.01324699999999
453,5146.03,40.710048318000005,-73.911117435
454,5148.03,40.71036854235229,-73.94705951213838
455,5156.05,40.709340000000005,-73.95608
456,5159.04,40.71173107,-73.99193043
457,5159.07,40.70991806921533,-73.99161100387573
458,5164.04,40.71044554,-73.96525063
459,5167.06,40.71117416,-74.00016545
460,5170.01,40.710681,-73.93372
461,5175.08,40.711065999999995,-74.009447
462,5178.06,40.711863,-73.944024
463,5181.04,40.71219906,-73.97948148
464,5184.08,40.711444,-74.014847
465,5187.03,40.71167351,-73.95141312
466,5190.07,40.71269042,-73.98776323
467,5190.09,40.711471394469264,-73.98672603070736
468,5198.04,40.71076228,-73.99400398
469,5204.05,40.712956667,-73.965960622
470,5207.01,40.71273266,-74.0046073
471,5210.01,40.713229999999996,-73.93894
472,5216.04,40.71291224,-74.01020234
473,5216.06,40.71221958009051,-74.01047229766846
474,5225.02,40.712468028,-73.918817163
475,5230.02,40.71332151208186,-73.99009689688683
476,5235.05,40.712513566,-73.962929368
477,5238.05,40.71307916,-73.99851193
478,5241.02,40.714290000000005,-73.93323000000001
479,5247.1,40.71450451,-74.00562789
480,5250.05,40.71247661,-73.94100005
481,5259.06,40.71335226222875,-73.9491033554077
482,5262.09,40.713126,-73.984844
483,5267.08,40.71286844,-73.95698119
484,5267.09,40.714690000000004,-73.95739
485,5270.05,40.71406667,-73.99293911
486,5270.07,40.715815500000005,-73.99422366
487,5270.08,40.714193,-73.996732
488,5270.09,40.71310702305908,-73.99446353316306
489,5273.01,40.714077473,-73.927907109
490,5279.03,40.71494807,-74.00234482
491,5282.02,40.713722706,-73.935373425
492,5288.08,40.71334184275907,-74.00935515761375
493,5288.09,40.71473993,-74.00910627
494,5288.12,40.71485150526252,-74.01122331619263
495,5291.05,40.715143,-73.944507
496,5294.04,40.714247823,-73.981263041
497,5297.02,40.715337899999994,-74.01658354
498,5300.05,40.71413311,-73.95234386
499,5300.06,40.7160751,-73.95202900000001
500,5303.06,40.715596795,-73.98703599
501,5303.08,40.71427487,-73.98990025
502,5308.04,40.715354085,-73.96026372899999
503,5323.06,40.715341620424475,-73.93865078687669
504,5326.06,40.71782143,-73.97628939
505,5329.03,40.71754834,-74.01322069
506,5329.08,40.71503,-74.01246
507,5332.1,40.716380319735606,-73.94821286201476
508,5335.03,40.71622644,-73.98261206
509,5335.07,40.71511871996496,-73.98417055606842
510,5342.1,40.71605866,-73.99190759
511,5343.11,40.717318403855785,-73.99067759513855
512,5348.02,40.716887,-73.96319799999999
513,5351.03,40.71602118,-73.99974372
514,5351.07,40.717411,-73.999573
515,5354.01,40.716467381,-73.93627274
516,5359.1,40.71625008,-74.0091059
517,5359.11,40.717559218000005,-74.005581617
518,5359.12,40.71703,-74.00925
519,5362.08,40.717729999999996,-73.94051
520,5365.02,40.71739973,-73.98016555
521,5368.03,40.71759894980997,-74.01587963104248
522,5371.07,40.71766197083994,-73.94880026578903
523,5374.01,40.7172274,-73.98802084
524,5379.09,40.718955278,-73.958434105
525,5379.1,40.71745169,-73.95850939
526,5382.06,40.718821999999996,-73.99596
527,5382.07,40.71779817737835,-73.99316132068634
528,5391.06,40.71939226,-74.00247214
529,5400.05,40.71870987,-74.0090009
530,5403.04,40.7169811,-73.94485918
531,5403.05,40.71929301,-73.94500379
532,5406.02,40.718348145,-73.98310113
533,5406.04,40.71926081,-73.98178024
534,5411.07,40.71924,-73.95241999999999
535,5411.08,40.71823132,-73.954915047
536,5414.06,40.72019576,-73.98997825
537,5414.07,40.719383,-73.991479
538,5422.04,40.719115734,-73.999425292
539,5430.08,40.71911552,-74.00666661
540,5430.1,40.71955204,-74.005194545
541,5433.03,40.71907891179564,-73.94223690032959
542,5433.04,40.71882,-73.93948
543,5436.09,40.72082834,-73.97793172
544,5436.11,40.719660759,-73.978504658
545,5442.05,40.71915571696044,-73.94885390996933
546,5442.09,40.720788002,-73.948399544
547,5445.02,40.72066442,-73.98517977
548,5445.07,40.720746999999996,-73.986274
549,5450.04,40.72079821,-73.95484712
550,5453.01,40.72110063,-73.99192540000001
551,5453.05,40.71893904,-73.99266288
552,5453.06,40.720485449,-73.99489069
553,5470.02,40.719962239000004,-74.008425593
554,5470.1,40.720901489,-74.00996625399999
555,5470.12,40.72019521437465,-74.0103006362915
556,5473.03,40.721579999999996,-73.94546
557,5476.03,40.720873600000004,-73.98085795
558,5481.04,40.72179134,-73.95041540000001
559,5484.09,40.722055,-73.989111
560,5489.03,40.72036775298455,-73.96165072917937
561,5489.04,40.72248188638219,-73.95921930670737
562,5492.05,40.72210378668603,-73.99724900722505
563,5500.02,40.721773266999996,-74.002425194
564,5500.07,40.72243797,-74.00566443
565,5503.01,40.722360253000005,-73.938856244
566,5506.1,40.723647237,-73.97590363
567,5506.14,40.72228087,-73.97668709
568,5509.02,40.722390294,-74.010473132
569,5515.02,40.72217444,-73.98368779
570,5515.08,40.723346832180155,-73.98265913128853
571,5520.09,40.724055,-73.955736
572,5523.02,40.72229346,-73.99147535
573,5532.01,40.72362738,-73.99949601
574,5539.06,40.72185379,-74.00771779
575,5542.04,40.72325,-73.94308000000001
576,5545.01,40.72412944090093,-73.97901266813278
577,5545.04,40.72299208,-73.97995466
578,5550.05,40.72311651,-73.95212324
579,5550.09,40.7239567849954,-73.94984364509583
580,5553.03,40.724799155999996,-73.988054395
581,5553.1,40.72307749068673,-73.98583620786667
582,5561.04,40.72317958,-73.99480012
583,5561.06,40.72456089,-73.99565293
584,5569.06,40.72494672359416,-74.00165855884552
585,5569.07,40.72323,-74.00314
586,5575.08,40.725817323,-73.974164605
587,5575.13,40.725092888,-73.975205064
588,5578.02,40.72405549,-74.00965965
589,5581.01,40.725570000000005,-73.94434
590,5584.04,40.72453734,-73.98185424
591,5584.05,40.725128524115796,-73.98131668567656
592,5593.01,40.72335597960796,-73.9886498451233
593,5593.02,40.72502876,-73.99069656
594,5593.04,40.726306677,-73.989813685
595,5602.06,40.72511734422387,-73.99930492043495
596,5610.09,40.724713802,-74.00459826
597,5613.04,40.725770000000004,-73.94173
598,5616.01,40.72521311,-73.97768752
599,5616.08,40.727243,-73.976831
600,5623.03,40.724812564400175,-73.94752621650694
601,5626.06,40.72479007746337,-73.98430064320564
602,5626.07,40.72621788,-73.98379855
603,5626.13,40.72779126,-73.98564945
604,5626.15,40.72633085971696,-73.98616880178452
605,5633.04,40.72606,-73.95621
606,5636.11,40.72743423,-73.99379025
607,5644.05,40.726378000000004,-74.000472
608,5653.12,40.725839967923754,-74.00765329599379
609,5659.05,40.72740794,-73.98142006
610,5659.11,40.727464206923926,-73.97950418293476
611,5666.04,40.72708584,-73.95299117
612,5669.1,40.7284186,-73.98713956
613,5669.12,40.727379,-73.98840799999999
614,5679.05,40.72706363348306,-73.99662137031554
615,5679.08,40.726156049804075,-73.99510189890863
616,5687.04,40.72710258,-74.00297088
617,5687.11,40.727970123,-74.005475283
618,5696.03,40.7277140777778,-74.01129573583603
619,5703.13,40.72854745023944,-73.98175925016403
620,5709.03,40.72755807335852,-73.95505852997303
621,5712.03,40.729514962249496,-73.99075269699097
622,5712.12,40.727502465,-73.990969181
623,5721.01,40.73047747,-73.99906065
624,5721.07,40.72840059450829,-73.99968780577183
625,5721.14,40.729158521,-73.998135448
626,5730.08,40.728846000000004,-74.00859100000001
627,5736.09,40.72938685,-73.97772429
628,5743.02,40.72984,-73.94839
629,5746.02,40.72970805644994,-73.98659795522691
630,5746.14,40.72953837,-73.98426726
631,5752.07,40.72906,-73.95779
632,5755.01,40.72903917,-73.99404649
633,5755.09,40.73049393,-73.99572140000001
634,5755.14,40.73143724085228,-73.99490341544151
635,5763.03,40.73038599,-74.00214988
636,5769.04,40.730508208,-73.974008679
637,5772.05,40.73098886,-74.008386254
638,5779.08,40.73221853,-73.98165557
639,5779.09,40.72966729392978,-73.98067966103555
640,5779.1,40.73139303364151,-73.9828670024872
641,5779.11,40.73031071000896,-73.98047178983687
642,5785.05,40.730259999999994,-73.95394
643,5785.1,40.73124,-73.95161
644,5788.12,40.73223272,-73.98889957
645,5788.13,40.73020660529954,-73.99102628231049
646,5788.15,40.732647,-73.99011
647,5788.16,40.731250167,-73.988481641
648,5794.05,40.731734785883454,-73.96123901025929
649,5797.01,40.732449293,-73.998167753
650,5805.05,40.73172428,-74.00674436
651,5805.07,40.73213896287381,-74.00363802909852
652,5820.08,40.731539374640725,-73.9853024482727
653,5826.02,40.73232194,-73.9550858
654,5838.09,40.73224119,-74.00026394
655,5847.01,40.73291553,-74.00711384
656,5847.06,40.73342399437081,-74.00851495563984
657,5847.08,40.73191132323174,-74.008769094944
658,5854.09,40.73381219196632,-73.9805442094803
659,5854.1,40.732289076,-73.979127765
660,5860.02,40.733959999999996,-73.95204
661,5863.07,40.734232,-73.986923
662,5869.04,40.732659999999996,-73.95826
663,5872.1,40.732758870450866,-73.99581670761107
664,5880.02,40.73401143,-74.00293877
665,5883.06,40.73443564069459,-73.93790781497954
666,5886.13,40.73320862652242,-73.97568136470001
667,5896.01,40.73431166276575,-73.98372530937196
668,5905.12,40.73454567,-73.99074142
669,5905.14,40.734814,-73.992085
670,5914.03,40.73532427,-73.99800419
671,5914.08,40.735238,-74.000271
672,5917.02,40.73565914819229,-73.93478840589523
673,5922.04,40.73498,-74.00697
674,5922.07,40.735418439,-74.004156828
675,5922.08,40.73652889,-74.00618026
676,5929.01,40.736502,-73.97809472
677,5938.01,40.73624527,-73.98473765
678,5938.11,40.735367055605394,-73.98797392845155
679,5944.01,40.735640000000004,-73.95866
680,5947.04,40.735445,-73.99431
681,5955.12,40.735918,-74.000939
682,5964.01,40.7361967,-74.00859207
683,5971.08,40.73587678,-73.98205027
684,5971.09,40.73716919369882,-73.98122549057005
685,5977.01,40.735512495,-73.952801585
686,5983.04,40.73787237950538,-73.92264068126678
687,5989.02,40.73804614248277,-73.99642959237099
688,5992.02,40.73781699881193,-73.93024072051048
689,5997.1,40.73752993301071,-74.00558933615685
690,6001.01,40.738663454653064,-73.94093804061413
691,6004.06,40.739445,-73.97680600000001
692,6004.07,40.738053799,-73.977190614
693,6016.06,40.73737,-73.91803
694,6022.04,40.737160683,-73.992614508
695,6025.08,40.73824937345944,-73.92737478017806
696,6030.04,40.73781509,-73.99994661
697,6030.06,40.73935542,-73.99931783
698,6033.01,40.740302444,-73.935467839
699,6039.06,40.738858581,-74.008063436
700,6046.02,40.73900032,-73.979576349
701,6055.08,40.73827428,-73.98751968
702,6058.08,40.73941387498411,-73.92131969332695
703,6064.08,40.73971301,-73.99456405
704,6067.01,40.74034668087185,-73.9288607239723
705,6072.06,40.7390169121,-74.0026376103
706,6072.11,40.740983,-74.00170200000001
707,6072.14,40.739488244,-74.004693389
708,6079.03,40.74144387,-73.97536082
709,6089.07,40.74025878,-73.98409214
710,6089.08,40.741459000000006,-73.983293
711,6089.11,40.740693177330435,-73.98160636425018
712,6092.01,40.74086,-73.91708
713,6098.1,40.73988840858996,-73.98958593606949
714,6098.12,40.73866091428551,-73.98987293243407
715,6101.11,40.73985995699164,-73.92400324344634
716,6110.01,40.740821207823245,-73.9314718544483
717,6115.06,40.74005708567285,-74.0052741765976
718,6115.09,40.742753828659026,-74.00747358798982
719,6122.09,40.741767526,-73.977986455
720,6128.04,40.742551684,-73.948929906
721,6131.12,40.742684734875695,-73.98671329021455
722,6131.13,40.742751796489955,-73.98471571505071
723,6134.03,40.7424,-73.91808
724,6134.13,40.74110508,-73.92107856300001
725,6137.04,40.7423737,-73.9566
726,6140.05,40.74173969,-73.99415556
727,6143.01,40.742218349960964,-73.92935156822205
728,6143.05,40.742156368277286,-73.92662644386293
729,6148.02,40.74177603,-74.00149746
730,6151.03,40.742985964,-73.935461164
731,6151.05,40.74133,-73.93616
732,6157.04,40.74198159994023,-74.00831580162048
733,6158.02,40.741929999999996,-73.90913
734,6158.06,40.743102908000004,-73.908165455
735,6164.09,40.74311555376486,-73.98215353488922
736,6167.03,40.7429,-73.91395
737,6170.02,40.74232744,-73.95411749
738,6173.08,40.74286877312112,-73.98918628692627
739,6176.11,40.743540273428685,-73.9243519306183
740,6179.07,40.74336608027021,-73.95960688591003
741,6182.02,40.74238787,-73.99726235
742,6185.04,40.74283,-73.9321
743,6190.03,40.7435337324616,-74.00367558002472
744,6190.08,40.74317449,-74.00366443
745,6197.02,40.74290902,-73.97706058
746,6197.08,40.74322681432173,-73.97449783980845
747,6200.03,40.744588375,-73.911557913
748,6203.02,40.74524768,-73.94733276
749,6206.08,40.74444921,-73.98303529
750,6209.05,40.7448062877224,-73.91728967428206
751,6209.08,40.743573665999996,-73.91866290600001
752,6212.04,40.74436328706688,-73.95587325096129
753,6212.08,40.7449067,-73.9534573
754,6215.04,40.74395411,-73.99144871
755,6218.04,40.74431,-73.92600999999999
756,6224.03,40.74475148,-73.99915362
757,6224.05,40.74345335,-74.00004031
758,6224.06,40.74591072834279,-73.99807110428809
759,6227.02,40.74469738,-73.93540375
760,6230.04,40.743905186999996,-73.97129952899999
761,6233.05,40.74334935,-74.00681753
762,6237.01,40.7437524099784,-73.94176483154297
763,6239.08,40.744009733,-73.980267644
764,6242.1,40.74451,-73.91412
765,6247.06,40.746646999999996,-73.993915
766,6248.06,40.745192409,-73.986899853
767,6251.06,40.745317936,-73.921915412
768,6254.06,40.745038,-73.957539
769,6257.03,40.74487634,-73.99529885
770,6260.04,40.74408,-73.92900999999999
771,6266.06,40.7454973,-74.00197139
772,6276.05,40.745419979,-73.90983760399999
773,6280.12,40.745712100000006,-73.98194829
774,6283.05,40.74622874694195,-73.9161631464958
775,6286.02,40.74731,-73.95451
776,6289.06,40.7462009,-73.98855723
777,6292.03,40.74562,-73.92402
778,6297.02,40.74734825,-73.99723551
779,6297.07,40.747968,-73.99663699999999
780,6300.04,40.74653761978055,-73.93215849995612
781,6303.01,40.74714,-73.97113
782,6306.01,40.745686,-74.00514100000001
783,6306.06,40.74691959,-74.00451887
784,6310.06,40.7485,-73.941275
785,6313.1,40.747573958954796,-73.97880077362059
786,6316.05,40.74732,-73.91197
787,6319.01,40.74708586,-73.94977234
788,6319.07,40.74737075646803,-73.94777297973631
789,6322.01,40.74765947,-73.98490707
790,6325.01,40.74692675687385,-73.9208248257637
791,6331.01,40.749156,-73.9916
792,6334.03,40.7471482490328,-73.92902433872224
793,6345.08,40.74803319428767,-73.97382795810701
794,6349.03,40.74838,-73.90699000000001
795,6352.01,40.74718234,-73.9432635
796,6358.05,40.749936223,-73.91537308699999
797,6361.03,40.74966,-73.9521
798,6364.07,40.74901271,-73.98848395
799,6364.1,40.74964,-73.98805
800,6373.07,40.74965268472847,-73.9952078461647
801,6379.03,40.749726057,-73.96922588300001
802,6382.05,40.749717753,-74.002950346
803,6389.09,40.74949854602521,-73.97729203113158
804,6392.02,40.748909999999995,-73.90899
805,6395.01,40.75052534,-73.94594845
806,6398.06,40.75038009,-73.98338988
807,6398.08,40.74848023448579,-73.98255586624146
808,6401.01,40.750181,-73.91999799999999
809,6416.06,40.750072700000004,-73.99839279
810,6422.09,40.75118387463277,-73.97138714790343
811,6425.04,40.751396,-74.00522600000001
812,6429.01,40.75110165,-73.94073717
813,6432.1,40.752049,-73.979635
814,6432.11,40.750756,-73.978326
815,6435.02,40.751554999999996,-73.915026
816,6435.03,40.750097682094825,-73.91349703073502
817,6438.04,40.7519071,-73.94791190000001
818,6441.01,40.75097711,-73.98765428
819,6441.02,40.75172632,-73.98753523
820,6441.06,40.752270938374096,-73.98770570755005
821,6450.05,40.7505853470215,-73.9946848154068
822,6450.12,40.752046585,-73.993439913
823,6453.02,40.752443,-73.929737
824,6459.04,40.75066386,-74.00176802
825,6459.07,40.752694,-74.002353
826,6462.05,40.7535992020056,-73.9379560947418
827,6462.19,40.750812888,-73.937885046
828,6464.08,40.752541184,-73.972861886
829,6464.09,40.752643,-73.97499599999999
830,6468.01,40.75098,-73.90799
831,6471.02,40.753169179000004,-73.943395019
832,6474.02,40.752269,-73.982079
833,6474.11,40.752062306999996,-73.9816324043
834,6474.12,40.752165280621966,-73.97992193698882
835,6483.06,40.752148999999996,-73.98953900000001
836,6486.07,40.752371999999994,-73.925384
837,6492.04,40.75377336836039,-73.99937599897385
838,6495.17,40.75186951421875,-73.93349289894103
839,6498.09,40.752130508,-73.968042016
840,6498.1,40.75323098,-73.97032517
841,6502.01,40.753177881,-73.90586924600001
842,6505.09,40.752474,-73.939991
843,6511.03,40.753440999999995,-73.912402
844,6514.08,40.7552433,-73.94856779999999
845,6517.08,40.75492,-73.98455
846,6520.06,40.754139,-73.919543
847,6520.07,40.753091,-73.920603
848,6526.01,40.752748489,-73.992775559
849,6526.05,40.75449717,-73.991699696
850,6529.02,40.753149152,-73.927920461
851,6532.06,40.75455731,-73.96592976
852,6535.04,40.755167190721394,-74.00059908628464
853,6536.02,40.754176,-73.900318
854,6538.11,40.75473,-73.93366999999999
855,6541.03,40.7546011026,-73.971878855
856,6545.07,40.754160881,-73.908897758
857,6551.02,40.75500254,-73.98014437
858,6554.05,40.75388,-73.914952
859,6560.01,40.75513557,-73.98658032
860,6560.14,40.754818,-73.98815400000001
861,6560.15,40.7529728216068,-73.98734897375105
862,6563.12,40.7557327,-73.92366109999999
863,6566.01,40.75370225419114,-73.95865201950072
864,6569.07,40.754623240291046,-73.99516761302948
865,6569.08,40.754862785,-73.997859359
866,6569.09,40.754145192635185,-73.9960889518261
867,6572.08,40.75651272984955,-73.92957486212252
868,6575.03,40.755293,-73.967641
869,6578.01,40.75594159,-74.0021163
870,6579.03,40.75574,-73.90342700000001
871,6581.14,40.756368995,-73.936534882
872,6584.12,40.75510267,-73.97498696
873,6587.04,40.755389,-73.911517
874,6593.15,40.756951,-73.98263100000001
875,6596.1,40.754795,-73.917014
876,6599.01,40.757284000000006,-73.9536
877,6602.03,40.75640548,-73.9900262
878,6602.05,40.75756989999999,-73.99098507
879,6605.08,40.756851911999995,-73.926222682
880,6608.09,40.756026864,-73.96398735
881,6611.02,40.75660359,-73.9979009
882,6611.05,40.75630628938069,-73.99951145061095
883,6614.01,40.757186,-73.93271899999999
884,6617.09,40.758256197,-73.970848441
885,6621.06,40.757276535,-73.904653907
886,6626.01,40.757256866,-73.977669597
887,6626.11,40.757769354483095,-73.97929430007935
888,6629.06,40.755763,-73.912715
889,6638.01,40.756913,-73.921631
890,6644.04,40.75645824,-73.99372222
891,6644.07,40.758790255,-73.99367082100001
892,6650.07,40.75797322,-73.96603308
893,6650.08,40.75792020879402,-73.96638214588165
894,6654.05,40.757538557,-73.901402235
895,6656.05,40.7576314,-73.9391224
896,6659.01,40.75714758,-73.97207836
897,6659.03,40.75971079999999,-73.97402311
898,6659.09,40.75863,-73.97513000000001
899,6659.1,40.757334,-73.974235
900,6662.01,40.758057,-73.90983100000001
901,6662.09,40.75778234,-73.90762734399999
902,6664.05,40.75742,-73.945133
903,6667.04,40.758396999999995,-73.98255
904,6670.03,40.7577284,-73.9166368
905,6676.02,40.75929124,-73.98859651
906,6679.11,40.7580583,-73.92427509999999
907,6682.03,40.75892386377695,-73.96226227283478
908,6682.08,40.759107,-73.959223
909,6688.01,40.7596276,-73.93214549999999
910,6691.11,40.75934501,-73.96759673
911,6700.14,40.75973805251143,-73.97811613976954
912,6703.06,40.760674953,-73.91099906
913,6708.04,40.76017739537782,-73.98486793041229
914,6711.13,40.759057954185856,-73.91897544264793
915,6717.06,40.76019252,-73.9912551
916,6720.07,40.759530783,-73.927101135
917,6723.1,40.759125,-73.96265799999999
918,6726.01,40.76030096,-73.99884222
919,6729.02,40.760185299999996,-73.9362726
920,6732.01,40.761573,-73.972628
921,6735.03,40.760032892,-73.907203794
922,6737.03,40.7614376,-73.9411265
923,6740.01,40.76132983124814,-73.97982001304626
924,6740.1,40.7606597,-73.98042047
925,6743.06,40.7595701,-73.91426779999999
926,6747.06,40.76227205,-73.98788205
927,6747.07,40.76171227910671,-73.98655101656914
928,6750.16,40.760339,-73.9222427
929,6753.08,40.761227399999996,-73.96094022
930,6756.01,40.76009437,-73.99461843
931,6756.05,40.762022972,-73.99678421
932,6759.15,40.76108,-73.930562
933,6762.02,40.76095756,-73.96724467
934,6762.04,40.76312584,-73.96526895
935,6765.01,40.76087502,-74.00277668
936,6766.03,40.762507,-73.902534
937,6774.13,40.761294,-73.909562
938,6779.04,40.76228826,-73.98336183
939,6779.05,40.763545156,-73.9823668
940,6782.01,40.761148799999994,-73.9170071
941,6789.04,40.761584,-73.925921
942,6795.01,40.76341379,-73.99667444
943,6798.01,40.762813799999996,-73.9342862
944,6801.01,40.76350532,-73.97109243
945,6804.01,40.764496,-73.90463199999999
946,6806.06,40.763154819103725,-73.93985509872438
947,6809.07,40.76340613,-73.97722479
948,6809.09,40.763189000000004,-73.978434
949,6812.06,40.763422,-73.914142
950,6814.01,40.7639089,-73.9477213
951,6816.07,40.763721228,-73.984995365
952,6819.15,40.763154,-73.920827
953,6822.09,40.76500525,-73.95818491
954,6824.07,40.76269882,-73.99301222
955,6827.11,40.7633589,-73.92864709999999
956,6830.02,40.763954,-73.9646
957,6836.07,40.763875299999995,-73.9364848
958,6839.04,40.763025942805186,-73.97209525108337
959,6839.1,40.764397100000004,-73.97371465
960,6842.02,40.763328,-73.90878199999999
961,6847.02,40.7652654,-73.98192338
962,6850.01,40.764084578,-73.915878057
963,6854.05,40.76360467795863,-73.98917958140373
964,6857.09,40.7647,-73.9240312
965,6860.12,40.76471851944339,-73.96222069859505
966,6865.03,40.7659,-73.930819
967,6873.01,40.76535380385866,-73.93986314535141
968,6876.04,40.76590936,-73.97634151
969,6879.04,40.76408932350689,-73.9106512069702
970,6884.03,40.765959181657976,-73.98313522338867
971,6887.03,40.765475692449535,-73.91811579465866
972,6889.12,40.766649604,-73.95356524
973,6890.01,40.76669671,-73.99061728
974,6890.06,40.76473420006519,-73.99194359779358
975,6893.1,40.765834600000005,-73.9265474
976,6896.16,40.76712840349542,-73.96224617958069
977,6901.01,40.7668,-73.93477740000002
978,6904.06,40.766368,-73.971518
979,6907.03,40.765753000000004,-73.90675999999999
980,6912.01,40.7667405590595,-73.9790689945221
981,6915.02,40.7656251,-73.9136695
982,6920.03,40.76584941,-73.98690506
983,6923.2,40.767534852,-73.921204805
984,6925.09,40.7687620293096,-73.95840793848038
985,6927.03,40.768442,-73.89353100000001
986,6929.02,40.766824,-73.930486
987,6932.14,40.76780080148132,-73.96592080593109
988,6932.15,40.7691572,-73.96703464
989,6937.07,40.7671863,-73.9373554
990,6943.07,40.767736912,-73.911064506
991,6948.1,40.76695317,-73.98169333
992,6951.03,40.7671,-73.9169858
993,6955.01,40.768254,-73.988639
994,6955.05,40.768333,-73.992573
995,6958.06,40.768692,-73.9249574
996,6960.1,40.76873687,-73.96119945
997,6964.05,40.76817,-73.896293
998,6966.04,40.7682,-73.9322662
999,6969.08,40.768008893059466,-73.96845281124116
1000,6981.16,40.7701477,-73.9120938
1001,6991.12,40.77112927,-73.95772297
1002,6994.06,40.768728,-73.890745
1003,6996.01,40.77037429999999,-73.9286078
1004,7003.06,40.7692475,-73.93545040000001
1005,7009.02,40.771393700000004,-73.9077436
1006,7009.06,40.769673,-73.906018
1007,7014.12,40.77003010255044,-73.98196846246721
1008,7018.01,40.771152799999996,-73.9170074
1009,7020.09,40.77140426,-73.9535166
1010,7023.04,40.770513,-73.988038
1011,7026.08,40.7713615,-73.9246145
1012,7032.02,40.77028,-73.893675
1013,7032.06,40.772140741,-73.89500904100001
1014,7034.09,40.77171710520828,-73.93159255385399
1015,7039.03,40.771203,-73.903865
1016,7047.07,40.772999883000004,-73.91125166399999
1017,7049.04,40.7724607,-73.9468208
1018,7052.01,40.77163851,-73.98261428
1019,7057.07,40.7727966,-73.95577801
1020,7059.01,40.771496710544405,-73.99046033620834
1021,7059.08,40.77237,-73.99005
1022,7060.02,40.770888,-73.889914
1023,7062.07,40.772680163000004,-73.927362442
1024,7066.01,40.772899,-73.896849
1025,7068.07,40.7725996921817,-73.93266275525094
1026,7074.01,40.772717,-73.906127
1027,7079.06,40.7734066,-73.97782542
1028,7082.14,40.77336750284339,-73.91382560133934
1029,7084.12,40.7728384,-73.94989233
1030,7092.06,40.77314236,-73.95856158
1031,7098.05,40.7739825,-73.93091340000001
1032,7100.07,40.772854924,-73.966872573
1033,7111.1,40.774231791,-73.908544183
1034,7113.08,40.77518615,-73.94446054
1035,7116.04,40.77492513,-73.98266566
1036,7119.04,40.772717236999995,-73.915874481
1037,7121.02,40.773867965,-73.95417869100001
1038,7123.04,40.775021076,-73.98914635199999
1039,7126.01,40.774645,-73.92370600000001
1040,7128.08,40.773763,-73.96222088
1041,7132.08,40.77485,-73.9342
1042,7137.04,40.774798,-73.903787
1043,7141.07,40.77579376683666,-73.97620573639871
1044,7144.01,40.7747878,-73.91255509999999
1045,7144.02,40.776168,-73.910485
1046,7146.04,40.77536905,-73.94803392
1047,7149.05,40.7746671,-73.98470567
1048,7152.1,40.774591,-73.918544
1049,7154.07,40.77573034,-73.9567526
1050,7159.08,40.7767,-73.927631
1051,7161.08,40.77632142182271,-73.96427392959596
1052,7163.07,40.775415,-73.900063
1053,7170.04,40.776745,-73.90655799999999
1054,7175.05,40.7770575,-73.97898475
1055,7178.02,40.776165,-73.9153175
1056,7180.02,40.77565541,-73.95068615
1057,7183.03,40.777507027547976,-73.98888587951659
1058,7186.15,40.777455200000006,-73.9225403
1059,7188.1,40.77677702,-73.95900970000001
1060,7188.13,40.7781314,-73.96069399
1061,7196.04,40.777112,-73.90238199999999
1062,7202.07,40.77813,-73.90841999999999
1063,7204.08,40.7779453,-73.94604100000001
1064,7207.08,40.77748046,-73.98288594
1065,7210.07,40.778557,-73.919046
1066,7212.05,40.77801203,-73.95407149
1067,7220.01,40.778089,-73.899558
1068,7230.1,40.7785669,-73.97754961
1069,7233.05,40.7787185,-73.9145645
1070,7235.13,40.778301,-73.9488134
1071,7243.04,40.778817177,-73.95806849
1072,7253.04,40.77896784,-73.97374737
1073,7256.01,40.780167818,-73.906852245
1074,7260.09,40.779668090073116,-73.98093044757842
1075,7265.1,40.780629516,-73.952490568
1076,7271.01,40.77977,-73.923162
1077,7281.09,40.7801839724239,-73.97728532552719
1078,7284.01,40.780412555,-73.912148952
1079,7286.01,40.781152764279156,-73.94963040947914
1080,7286.02,40.78245417527987,-73.94891962409021
1081,7286.05,40.781710625,-73.945927501
1082,7288.04,40.780577990103346,-73.98562431335448
1083,7291.06,40.78145,-73.9183302
1084,7293.1,40.781410700190015,-73.95595908164978
1085,7304.08,40.78275,-73.97137
1086,7311.02,40.7829391,-73.9786517
1087,7314.03,40.782465,-73.914527
1088,7323.09,40.782648563,-73.959661245
1089,7327.01,40.78294,-73.93077
1090,7338.02,40.7839636,-73.94716729999999
1091,7340.06,40.78414472,-73.98362492
1092,7340.07,40.783786,-73.981687
1093,7342.01,40.783955999999996,-73.916894
1094,7344.05,40.7835016,-73.955327
1095,7354.01,40.78476,-73.969862
1096,7360.1,40.78524672,-73.97667321
1097,7363.04,40.784003000000006,-73.912297
1098,7365.08,40.7859201,-73.94860294
1099,7365.13,40.7849032,-73.950503
1100,7372.1,40.785785100000005,-73.957481
1101,7382.04,40.78499979,-73.97283406
1102,7386.1,40.786258600000004,-73.94552579
1103,7388.1,40.78720869,-73.98128127
1104,7391.02,40.785994,-73.915098
1105,7393.09,40.787801,-73.953559
1106,7407.13,40.7869946,-73.94164802
1107,7409.08,40.7867947,-73.977112
1108,7414.17,40.787721399999995,-73.94728331
1109,7432.04,40.79017948095081,-73.97288918495178
1110,7432.09,40.7882213,-73.97041561
1111,7436.11,40.789210499999996,-73.94370784
1112,7443.01,40.789639831,-73.95224905
1113,7443.17,40.788042068,-73.95193231100001
1114,7453.01,40.78866499127884,-73.96680057048799
1115,7456.03,40.7892529,-73.93956237
1116,7458.03,40.788519263000005,-73.975098968
1117,7463.09,40.790305100000005,-73.94755757
1118,7482.15,40.790586067792006,-73.94195795059206
1119,7484.05,40.789621999999994,-73.97757
1120,7488.24,40.7904828,-73.95033068
1121,7502.01,40.7921,-73.9739
1122,7504.18,40.791976,-73.945993
1123,7511.19,40.792255299999994,-73.95249933
1124,7514.01,40.793459999999996,-73.92389
1125,7520.07,40.7919557,-73.968087
1126,7522.02,40.7923272,-73.9383
1127,7524.09,40.7941654,-73.974124
1128,7524.16,40.793134809866636,-73.97700369358063
1129,7528.31,40.79343370000001,-73.94945003
1130,7538.14,40.795,-73.9645
1131,7538.18,40.79249519495111,-73.9641706646307
1132,7540.02,40.79456629999999,-73.9362541
1133,7541.01,40.7937704,-73.971888
1134,7543.15,40.795508,-73.94160600000001
1135,7563.06,40.796879,-73.93726099999999
1136,7567.06,40.79541210000001,-73.9441232
1137,7571.01,40.79558,-73.91906
1138,7577.27,40.795589541053424,-73.96188408136369
1139,7579.01,40.7974772,-73.9311847
1140,7580.01,40.797372100000004,-73.97041192
1141,7587.16,40.79752078124756,-73.94893974065779
1142,7595.17,40.7969347,-73.9643412291
1143,7596.1,40.797470000000004,-73.93504
1144,7599.02,40.7989445,-73.944846
1145,7599.09,40.797911,-73.9423
1146,7602.05,40.7987859,-73.9523
1147,7606.01,40.798185600000004,-73.96059090060001
1148,7610.13,40.79904139288298,-73.96649479866028
1149,7613.04,40.800425,-73.911034
1150,7617.07,40.799484,-73.955613
1151,7618.01,40.80046,-73.92404
1152,7619.05,40.7997568,-73.9621128676
1153,7622.12,40.8006721,-73.9349
1154,7623.13,40.8013434,-73.97114574390001
1155,7626.02,40.800815105,-73.913899302
1156,7627.1,40.8011939,-73.9500739
1157,7631.23,40.801660538,-73.957255006
1158,7634.01,40.80083629999999,-73.9664492472
1159,7636.05,40.802926299999996,-73.9379
1160,7639.06,40.801799178,-73.909334183
1161,7640.04,40.801573038,-73.944408655
1162,7642.04,40.802620000000005,-73.9174
1163,7643.18,40.802535,-73.9532423
1164,7646.04,40.802692,-73.96295
1165,7648.16,40.802556157,-73.933561921
1166,7650.05,40.8021174,-73.9681805305
1167,7652.04,40.801349400999996,-73.93984282
1168,7654.04,40.804168,-73.91154499999999
1169,7655.22,40.8025566,-73.9490782
1170,7657.03,40.803399,-73.919763
1171,7658.13,40.8038654,-73.95593079999999
1172,7662.13,40.805717587,-73.936326623
1173,7667.04,40.80295,-73.942954
1174,7669.1,40.805559,-73.91471800000001
1175,7670.09,40.804372,-73.951475
1176,7680.03,40.804213,-73.96699104
1177,7682.01,40.8045555,-73.93968609999999
1178,7685.14,40.804038,-73.945925
1179,7687.05,40.805089,-73.91888900000001
1180,7688.12,40.805159,-73.95469200000001
1181,7691.05,40.805701,-73.925177
1182,7692.11,40.8067581,-73.9607082
1183,7696.07,40.805631,-73.934077
1184,7701.21,40.80722,-73.9418
1185,7703.14,40.806896,-73.911837
1186,7704.04,40.807839632,-73.949311376
1187,7707.08,40.807338595,-73.919305205
1188,7712.04,40.807466,-73.92710699999999
1189,7712.06,40.808484,-73.928803
1190,7713.01,40.805973,-73.964928
1191,7713.11,40.8082,-73.9641
1192,7716.19,40.806552768,-73.935994864
1193,7719.13,40.807422161,-73.907981992
1194,7720.03,40.808190703,-73.94535303100001
1195,7722.06,40.808633,-73.916124
1196,7723.01,40.809840322,-73.95323503
1197,7726.02,40.808384000000004,-73.923604
1198,7727.08,40.80863217506367,-73.95958609887201
1199,7735.05,40.810140000000004,-73.93973000000001
1200,7735.23,40.807559999999995,-73.93918199999999
1201,7737.06,40.80888319,-73.910883427
1202,7738.04,40.809495347779475,-73.94776493310928
1203,7740.08,40.809619,-73.917875
1204,7741.01,40.81,-73.9551508
1205,7741.04,40.81028506306003,-73.95736455917357
1206,7744.06,40.810893,-73.927311
1207,7745.07,40.8109494,-73.9634
1208,7748.02,40.810224,-73.93719499999999
1209,7751.05,40.811314,-73.907729
1210,7753.13,40.8107922,-73.9430681
1211,7755.03,40.811232686,-73.914885998
1212,7756.1,40.8114323,-73.95187759999999
1213,7759.08,40.81093514,-73.92160856699999
1214,7767.06,40.812769,-73.901583
1215,7769.06,40.812191,-73.937838
1216,7774.02,40.812346000000005,-73.946168
1217,7777.02,40.811675,-73.917037
1218,7781.1,40.812735796,-73.923703313
1219,7783.18,40.8120562,-73.9612547
1220,7788.13,40.811895728,-73.90424776100001
1221,7790.04,40.813182712,-73.941749692
1222,7793.02,40.814046000000005,-73.91186
1223,7795.09,40.812467337,-73.949295759
1224,7798.02,40.812496185,-73.920280218
1225,7800.03,40.813358,-73.956461
1226,7803.02,40.812745929,-73.92931509
1227,7803.08,40.813224,-73.930605
1228,7807.04,40.815077,-73.899939
1229,7809.13,40.81449,-73.936153
1230,7812.01,40.813138126999995,-73.909326673
1231,7814.01,40.813539,-73.94521
1232,7816.14,40.814383,-73.915368
1233,7818.17,40.81439443791581,-73.95324736833571
1234,7820.05,40.814159155,-73.885668993
1235,7821.01,40.814469,-73.924963
1236,7823.03,40.8143256,-73.9590255
1237,7830.03,40.814409614,-73.903937817
1238,7832.04,40.813619,-73.939336
1239,7835.1,40.815887,-73.911918
1240,7837.3,40.816234,-73.948222
1241,7840.05,40.816108584,-73.91975843899999
1242,7840.11,40.814673,-73.91839
1243,7842.16,40.816355,-73.954295
1244,7844.05,40.816126000000004,-73.891559
1245,7845.06,40.816666006999995,-73.928226352
1246,7849.1,40.816342999999996,-73.896447
1247,7851.04,40.815544248,-73.935786843
1248,7853.01,40.816082358,-73.908238649
1249,7855.03,40.81695971032464,-73.9422959089279
1250,7858.02,40.817166,-73.914737
1251,7860.08,40.818215,-73.950988
1252,7863.03,40.81734,-73.922962
1253,7865.09,40.817555,-73.957163
1254,7867.04,40.818185,-73.894143
1255,7868.05,40.817755,-73.92965
1256,7870.02,40.81899,-73.90202
1257,7872.03,40.817245,-73.938787
1258,7876.07,40.81900581806558,-73.94476890563966
1259,7879.01,40.816841245,-73.917356968
1260,7881.09,40.818212,-73.955277
1261,7883.06,40.816583991,-73.888262391
1262,7883.09,40.81872569990116,-73.88862490653993
1263,7884.04,40.818154,-73.925294
1264,7886.02,40.818298999999996,-73.96040500000001
1265,7888.1,40.819943905,-73.897352338
1266,7891.06,40.817818521999996,-73.905320883
1267,7893.05,40.819241,-73.941057
1268,7896.11,40.819823,-73.91241099999999
1269,7898.03,40.818477,-73.947568
1270,7901.04,40.820036,-73.92141099999999
1271,7903.02,40.8190344,-73.95615600000001
1272,7905.05,40.818743,-73.890247
1273,7906.13,40.820071696999996,-73.92896390000001
1274,7909.07,40.819802642,-73.901117325
1275,7910.01,40.819783,-73.936521
1276,7910.1,40.821111,-73.935971
1277,7913.15,40.819848537,-73.908351779
1278,7915.11,40.820681,-73.945144
1279,7918.12,40.81975615,-73.916033268
1280,7920.01,40.821841836,-73.95257926
1281,7920.05,40.819746,-73.951819
1282,7922.01,40.820578000000005,-73.888271
1283,7925.04,40.820003,-73.959089
1284,7927.08,40.821075,-73.89506899999999
1285,7931.05,40.820302000000005,-73.903944
1286,7932.1,40.820823193,-73.939233422
1287,7935.07,40.820713,-73.911759
1288,7937.15,40.821081400000004,-73.947680354
1289,7940.02,40.820570000000004,-73.917579
1290,7940.04,40.82123860172,-73.9173299074173
1291,7942.21,40.823168,-73.955857
1292,7944.11,40.821952,-73.88854599999999
1293,7945.07,40.822288035999996,-73.92694366
1294,7948.1,40.821860194,-73.896773696
1295,7952.02,40.82188,-73.907521
1296,7954.12,40.823060999999996,-73.941928
1297,7957.11,40.822215,-73.914688
1298,7959.18,40.822766662,-73.95125246
1299,7962.01,40.823161999999996,-73.92326700000001
1300,7966.02,40.82394,-73.894025
1301,7967.04,40.821964502,-73.929029942
1302,7970.05,40.822545,-73.901824
1303,7971.07,40.82281,-73.937413
1304,7974.01,40.823871999999994,-73.908699
1305,7976.08,40.823441505,-73.943971634
1306,7979.17,40.824834704000004,-73.916442871
1307,7981.16,40.824789046999996,-73.95191884
1308,7981.27,40.824102759,-73.954696655
1309,7983.04,40.825322,-73.88772900000001
1310,7984.04,40.823427677,-73.924725056
1311,7987.14,40.82388366441761,-73.8974027708582
1312,7991.01,40.824796,-73.90241999999999
1313,7992.04,40.825125,-73.941616
1314,7995.04,40.823998213,-73.91093874
1315,7997.08,40.825244,-73.947257
1316,8000.02,40.823727965,-73.91941964600001
1317,8004.03,40.824956,-73.891677
1318,8005.03,40.82579875,-73.927294254
1319,8005.08,40.82441,-73.92818
1320,8008.03,40.82625699,-73.898803353
1321,8009.05,40.825208425999996,-73.936301947
1322,8012.04,40.82696,-73.907451
1323,8013.07,40.827212,-73.942722
1324,8016.07,40.825615406,-73.915757895
1325,8018.04,40.827304999999996,-73.951989
1326,8018.09,40.826891541,-73.94947636100001
1327,8020.01,40.827628999999995,-73.886659
1328,8021.11,40.827133804235565,-73.9227358996868
1329,8024.05,40.827147722,-73.893591881
1330,8025.01,40.826677000000004,-73.929327
1331,8029.28,40.826406,-73.93794799999999
1332,8033.09,40.82699132,-73.945964098
1333,8036.05,40.827243685999996,-73.917732239
1334,8040.03,40.826706,-73.888719
1335,8041.07,40.827883,-73.927111
1336,8044.09,40.827301,-73.896372
1337,8048.01,40.82895,-73.90521
1338,8048.04,40.828199,-73.903719
1339,8049.05,40.826881,-73.941427
1340,8049.1,40.828318357,-73.942974925
1341,8052.01,40.828975,-73.911259
1342,8052.02,40.82809,-73.91288
1343,8054.04,40.829114000000004,-73.95042600000001
1344,8057.02,40.829608,-73.921461
1345,8060.01,40.830051,-73.892103
1346,8061.01,40.830179,-73.928747
1347,8064.03,40.82995,-73.898802
1348,8065.13,40.829166055,-73.936866403
1349,8068.01,40.829889297,-73.90778923
1350,8069.01,40.829522999999995,-73.94427900000001
1351,8072.06,40.83130549267296,-73.91744792461395
1352,8077.07,40.830262,-73.92339100000001
1353,8080.01,40.830493569,-73.894618273
1354,8081.01,40.829797,-73.931015
1355,8084.03,40.830474138,-73.90456497699999
1356,8085.05,40.830663,-73.941323
1357,8085.09,40.832314000000004,-73.94102
1358,8085.13,40.830498338000005,-73.93991375
1359,8088.01,40.830861688,-73.910997987
1360,8089.05,40.831327,-73.946665
1361,8092.06,40.831959999999995,-73.91956
1362,8095.06,40.832171,-73.889686
1363,8096.02,40.831444,-73.926226
1364,8096.03,40.832002997,-73.927441597
1365,8099.04,40.831762,-73.89685300000001
1366,8100.01,40.830752015,-73.936369658
1367,8103.05,40.832576275,-73.905189276
1368,8104.1,40.832081,-73.942386
1369,8107.1,40.831584,-73.9149
1370,8108.02,40.832164,-73.949702
1371,8110.04,40.832716465,-73.885344744
1372,8111.04,40.83173,-73.922394
1373,8111.07,40.833927751,-73.922557712
1374,8114.02,40.831998,-73.892686
1375,8115.01,40.832812,-73.929372
1376,8118.02,40.831696153,-73.90206337
1377,8119.05,40.833303,-73.939326
1378,8122.04,40.834015,-73.908863
1379,8123.02,40.83299,-73.94592
1380,8126.07,40.834263,-73.917641
1381,8129.02,40.834192753,-73.88950991600001
1382,8133.08,40.833246,-73.896599
1383,8137.06,40.834964514,-73.903653145
1384,8138.07,40.834468,-73.939865
1385,8141.01,40.835926771,-73.91361618
1386,8144.09,40.836251259,-73.884399533
1387,8145.03,40.833909000000006,-73.92112
1388,8149.09,40.834472775,-73.928377628
1389,8152.03,40.83545,-73.90153000000001
1390,8153.1,40.835797787,-73.937508702
1391,8156.01,40.83717525,-73.908585429
1392,8156.03,40.83617913677475,-73.90730146322765
1393,8157.06,40.83576405,-73.94350552600001
1394,8160.03,40.835242867,-73.915467024
1395,8163.05,40.83675468,-73.887940168
1396,8167.02,40.835294008000005,-73.895085573
1397,8167.04,40.835931896999995,-73.89317047600001
1398,8171.06,40.837174892,-73.902227879
1399,8172.07,40.83618,-73.939789
1400,8175.06,40.837678313000005,-73.91046130699999
1401,8179.03,40.836479664,-73.918309808
1402,8182.02,40.837037,-73.890413
1403,8183.02,40.838706,-73.92703399999999
1404,8183.08,40.836781621,-73.926079512
1405,8186.01,40.839228999999996,-73.899047
1406,8187.04,40.838190999999995,-73.93608499999999
1407,8190.03,40.838350654,-73.90577602399999
1408,8191.01,40.839148521,-73.941494823
1409,8194.06,40.839549,-73.913004
1410,8194.07,40.838256717,-73.912418008
1411,8196.02,40.839335,-73.886445
1412,8198.05,40.839312,-73.922423
1413,8205.05,40.839586,-73.900277
1414,8206.17,40.839443,-73.937044
1415,8209.01,40.839040875,-73.910839796
1416,8210.01,40.839278,-73.94544599999999
1417,8213.01,40.840484000000004,-73.917946
1418,8216.02,40.83923924,-73.888562441
1419,8218.04,40.838968754,-73.92603457
1420,8225.05,40.840133666999996,-73.90537405
1421,8226.05,40.84004,-73.942939
1422,8226.06,40.840896031930406,-73.93972098827362
1423,8226.07,40.84210236102173,-73.94223958253859
1424,8229.04,40.840431333000005,-73.911505103
1425,8233.01,40.840536,-73.919228
1426,8236.01,40.841193318,-73.892422915
1427,8241.07,40.8422544,-73.89854741100001
1428,8242.04,40.842172999999995,-73.93511099999999
1429,8245.03,40.842675,-73.90854399999999
1430,8249.1,40.840683,-73.91507299999999
1431,8254.01,40.84207,-73.926075
1432,8262.07,40.843061447,-73.93887639
1433,8265.09,40.843132495999996,-73.91173410399999
1434,8269.01,40.844027996,-73.917184949
1435,8277.03,40.843078999999996,-73.900216
1436,8278.05,40.844044,-73.933651
1437,8281.06,40.843264000000005,-73.90486700000001
1438,8285.09,40.844811,-73.912042
1439,8285.11,40.845504999999996,-73.914311
1440,8290.01,40.843902469,-73.921012044
1441,8299.03,40.846052,-73.937648
1442,8303.06,40.846272469,-73.90935957399999
1443,8307.05,40.845599532,-73.917249322
1444,8316.02,40.847305,-73.933291
1445,8319.01,40.846465,-73.903869
1446,8320.01,40.84522,-73.940493
1447,8323.05,40.847409999999996,-73.91135899999999
1448,8327.15,40.846011,-73.919637
1449,8336.02,40.848467,-73.936064
1450,8340.05,40.846879,-73.907342
1451,8344.04,40.848177,-73.91608199999999
1452,8344.09,40.849688291999996,-73.916116595
1453,8348.02,40.847626686,-73.922245741
1454,8353.02,40.847396,-73.931205
1455,8353.09,40.84925,-73.93021999999999
1456,8356.02,40.847798,-73.901883
1457,8356.04,40.848815799,-73.90322589899999
1458,8358.03,40.849971999999994,-73.938423
1459,8358.1,40.848282,-73.941343
1460,8362.09,40.850121,-73.910765
1461,8366.06,40.849629,-73.919205
1462,8366.07,40.848354,-73.918389
1463,8379.07,40.850885,-73.906469
1464,8381.04,40.85168,-73.94185999999999
1465,8384.03,40.850035999999996,-73.912785
1466,8394.15,40.851113,-73.92880799999999
1467,8397.02,40.850535,-73.901318
1468,8399.06,40.852252,-73.937854
1469,8403.02,40.851746999999996,-73.908964
1470,8407.03,40.851788,-73.91641800000001
1471,8416.07,40.852513075,-73.934532404
1472,8416.1,40.852281809000004,-73.931235909
1473,8425.01,40.853650212,-73.912529945
1474,8428.03,40.853227258000004,-73.918116689
1475,8428.04,40.853789926,-73.920818448
1476,8432.11,40.853187588619754,-73.92715752124786
1477,8435.04,40.854299188,-73.899414182
1478,8441.01,40.85322,-73.90545999999999
1479,8441.05,40.853646000000005,-73.908731
1480,8456.02,40.855057597,-73.902886271
1481,8458.03,40.85520649,-73.937945247
1482,8462.09,40.85501,-73.910751
1483,8465.01,40.854946999999996,-73.916661
1484,8469.05,40.855902672,-73.926950932
1485,8472.06,40.857005835,-73.898241282
1486,8472.08,40.85556,-73.89615
1487,8474.02,40.856487335235755,-73.93296986818314
1488,8478.11,40.855579019000004,-73.905569911
1489,8483.02,40.855165243,-73.912759662
1490,8494.01,40.856616735,-73.902693152
1491,8494.06,40.855863094,-73.899607062
1492,8496.01,40.856998086,-73.935634255
1493,8500.01,40.856314421,-73.907353997
1494,8507.02,40.858904475384115,-73.9230939745903
1495,8510.02,40.858564734,-73.896191359
1496,8511.08,40.857994,-73.93217299999999
1497,8514.05,40.858472,-73.90266
1498,8520.01,40.858431101,-73.910027385
1499,8528.05,40.86012,-73.928489
1500,8532.03,40.859165999999995,-73.933872
1501,8535.01,40.858488679000004,-73.906514764
1502,8535.09,40.8604787,-73.9057169936
1503,8539.02,40.859532,-73.913303
1504,8543.01,40.86128197075099,-73.92141759395601
1505,8546.06,40.861915,-73.89483100000001
1506,8547.04,40.861911893,-73.929780364
1507,8550.01,40.860814000000005,-73.902541
1508,8550.04,40.860097765999996,-73.900707245
1509,8555.05,40.860533714,-73.909217596
1510,8559.04,40.86169883507865,-73.91855701804161
1511,8563.06,40.861382,-73.925591
1512,8566.05,40.861669,-73.898589
1513,8571.02,40.862863064,-73.903186321
1514,8575.02,40.86156,-73.91219
1515,8579.03,40.863211,-73.920827
1516,8579.05,40.862562,-73.922661
1517,8579.09,40.862638000000004,-73.92005999999999
1518,8582.02,40.863890000000005,-73.89246
1519,8582.09,40.861668229,-73.89095246800001
1520,8583.02,40.863124,-73.926994
1521,8586.09,40.86294,-73.90108000000001
1522,8590.01,40.86295,-73.90741
1523,8594.02,40.86308937813274,-73.9175833761692
1524,8597.01,40.865732074,-73.88774621499998
1525,8601.04,40.864567995,-73.89517760300001
1526,8605.06,40.8649213,-73.90242380000001
1527,8613.09,40.864632,-73.918598
1528,8615.01,40.866439581,-73.89040970799998
1529,8619.02,40.866503835,-73.89791882
1530,8624.01,40.866019726,-73.904303312
1531,8631.03,40.866844416,-73.88595891
1532,8632.07,40.86619556,-73.922727942
1533,8635.08,40.867530704,-73.893024325
1534,8636.04,40.867357,-73.92936
1535,8639.01,40.866902947,-73.90195262399999
1536,8643.01,40.86571,-73.90857
1537,8646.02,40.868140000000004,-73.88145
1538,8647.1,40.867102265,-73.91737473
1539,8649.03,40.8684871,-73.8884559781
1540,8650.11,40.867505,-73.926363
1541,8653.09,40.868952394000004,-73.896402717
1542,8655.02,40.868846000000005,-73.931537
1543,8664.06,40.86813,-73.88412
1544,8665.02,40.869898661940454,-73.92076313495636
1545,8665.09,40.867887259,-73.919691563
1546,8667.01,40.86945,-73.89148
1547,8676.01,40.870672464,-73.906826377
1548,8679.03,40.869253516,-73.915346622
1549,8682.06,40.870020000000004,-73.88565
1550,8696.05,40.871094,-73.911503
1551,8699.01,40.870559335,-73.88186574
1552,8703.05,40.87142,-73.88839
1553,8707.01,40.871630907,-73.897120118
1554,8711.02,40.873265,-73.906646
1555,8715.01,40.872412,-73.912807
1556,8715.06,40.871390000000005,-73.91431800000001
1557,8717.07,40.872034192,-73.884650826
1558,8720.02,40.87144520687118,-73.89289632439612
1559,8732.04,40.873055,-73.91837199999999
1560,8734.02,40.87307,-73.88971
1561,8734.04,40.873747349,-73.88670361
1562,8738.01,40.873936296,-73.895303965
1563,8748.02,40.874075174,-73.88335132600001
1564,8752.01,40.87444,-73.89186
1565,8766.03,40.875531,-73.8863864831
1566,8778.01,40.87656,-73.88365999999999
1567,8782.01,40.87704,-73.88943
1568,8795.01,40.87935,-73.88534
1569,8795.03,40.87792623,-73.88476884399999
1570,8799.01,40.87812,-73.89192
1571,8811.01,40.8802945,-73.88606536479999
1572,8841.03,40.882322073000005,-73.887023687
4,2883.03,40.638246,-74.024714
6,2923.01,40.639859,-74.01977600000001
7,2932.03,40.639421,-74.026823
13,3011.03,40.641269,-74.017651
15,3038.08,40.642501,-74.006055
19,3084.05,40.642703000000004,-74.00944100000001
21,3093.07,40.642621999999996,-74.01686600000001
22,3117.05,40.644743,-74.003754
30,3178.02,40.646377,-74.023087
39,3240.15,40.649037,-73.97673
51,3344.02,40.651565999999995,-73.972212
53,3353.04,40.650739,-73.977739
59,3394.03,40.651654,-73.98123100000001
73,3523.06,40.656985999999996,-73.998194
82,3611.02,40.659945,-73.97750400000001
86,3660.07,40.66093779493168,-73.98680448532104
87,3665.06,40.6627059,-73.9569115
93,3707.01,40.662611,-73.998623
94,3722.04,40.66514681533792,-73.97637605667114
97,3736.04,40.6642406,-73.9574686
107,3842.08,40.6686273,-73.98700053
110,3856.03,40.668757,-73.966438
116,3905.15,40.67038370000001,-73.97839676
119,3922.02,40.671907,-73.993612
121,3931.09,40.671409000000004,-74.001328
135,4010.15,40.6729679,-73.97087984
146,4066.15,40.676368,-73.95291800000001
171,4161.01,40.6786,-73.90369
176,4184.07,40.6786115,-73.99037292
178,4193.14,40.6809591,-73.99905709
195,4255.05,40.68216564,-73.95399026
196,4258.07,40.68199044270703,-73.99079024791719
201,4285.09,40.68319988172761,-73.91166642308234
204,4317.05,40.682809999999996,-73.90623000000001
209,4336.01,40.684568299999995,-73.95881081
215,4357.01,40.68458,-73.90925
245,4455.11,40.686175799999994,-73.99645295
252,4479.08,40.68841742754083,-73.98451656103134
256,4494.04,40.68851534,-73.9647628
272,4560.01,40.69122,-73.91693000000001
281,4600.09,40.69146,-73.92146
298,4654.01,40.695170000000005,-73.90311
303,4668.08,40.694749,-73.983625
307,4680.05,40.69502,-73.92825
308,4683.02,40.69363137,-73.96223558
311,4695.04,40.69467,-73.90663
318,4715.01,40.694546087246025,-73.95801365375519
321,4724.03,40.69610226,-73.96751037
322,4729.01,40.69681963,-73.93756926
323,4732.04,40.69580705,-73.97355569
340,4789.03,40.69760127,-73.99344559
346,4807.02,40.70068,-73.90742
351,4818.03,40.70029511,-73.95032283
354,4821.1,40.700763,-73.988698
376,4903.08,40.70277159,-73.99383605
392,4962.08,40.70365182,-74.01167797
393,4963.13,40.704609999999995,-73.91054
394,4965.01,40.70411791,-73.94818595
403,4994.1,40.70413,-73.90737
414,5034.03,40.705529999999996,-73.9096
415,5036.06,40.70583339,-73.94644578
416,5043.06,40.70636,-73.91945
430,5084.03,40.70708701,-73.95796783
436,5099.03,40.707174,-73.93581
442,5115.05,40.7098,-73.91727
453,5146.03,40.70998,-73.91116
469,5204.05,40.71285887,-73.96590294
473,5216.06,40.71222,-74.010472
474,5225.02,40.71246,-73.91873000000001
476,5235.05,40.71260486,-73.96264403
489,5273.01,40.714009999999995,-73.92793
491,5282.02,40.713811,-73.93515
492,5288.08,40.713342,-74.009355
496,5294.04,40.714211,-73.981095
500,5303.06,40.71559509,-73.9870295
502,5308.04,40.71534825,-73.96024116
515,5354.01,40.716657,-73.93637
517,5359.11,40.717571,-74.005549
524,5379.09,40.7190095,-73.95852515
532,5406.02,40.71850211,-73.98329859
535,5411.08,40.71816969454208,-73.95520135760306
538,5422.04,40.71910537,-73.99973337
540,5430.1,40.7197920901383,-74.0052238852195
544,5436.11,40.71978635452822,-73.97871628403664
546,5442.09,40.72084,-73.94844
552,5453.06,40.72054,-73.9949
553,5470.02,40.719961181171385,-74.00844320654869
554,5470.1,40.721319,-74.010065
563,5500.02,40.72170005235607,-74.00238141417502
565,5503.01,40.72226,-73.93889
566,5506.1,40.72368361,-73.97574813
568,5509.02,40.72231,-74.0106
580,5553.03,40.72467721,-73.98783413
586,5575.08,40.72580614,-73.97422494
587,5575.13,40.72506551015475,-73.97515833377837
594,5593.04,40.726280700000004,-73.98978041
596,5610.09,40.724309999999996,-74.00473000000001
613,5669.12,40.727378693232225,-73.98840844631195
617,5687.11,40.727897014090225,-74.00536268949506
622,5712.12,40.72769,-73.990993
625,5721.14,40.72917025,-73.99810231
636,5769.04,40.730563000000004,-73.973984
637,5772.05,40.73115,-74.00887
647,5788.16,40.73127,-73.98849
649,5797.01,40.73226398,-73.99852205
651,5805.07,40.732139000000004,-74.003638
659,5854.1,40.732339777151054,-73.97898383438587
674,5922.07,40.73535398,-74.00483091
685,5977.01,40.73555,-73.95284000000001
692,6004.07,40.7381765,-73.97738662
694,6022.04,40.73726186,-73.99238967
698,6033.01,40.74021356884924,-73.93537044525145
699,6039.06,40.739323,-74.008119
700,6046.02,40.73912601,-73.97973776
707,6072.14,40.73944820130404,-74.00507032871245
719,6122.09,40.741723510974715,-73.97809267044067
720,6128.04,40.74252,-73.948852
724,6134.13,40.741119944681465,-73.92103672027588
730,6151.03,40.743,-73.93561
734,6158.06,40.74324,-73.908
735,6164.09,40.743116,-73.98215400000001
747,6200.03,40.74462,-73.91143000000001
751,6209.08,40.743497598369714,-73.91860529780388
760,6230.04,40.744219,-73.97121214
763,6239.08,40.74394314,-73.97966069
766,6248.06,40.7451677,-73.98683077
767,6251.06,40.745346825809825,-73.9219419658184
772,6276.05,40.745502,-73.909887
796,6358.05,40.75001640425933,-73.91540944576262
801,6379.03,40.75001986,-73.96905301
802,6382.05,40.749718,-74.00295
822,6450.12,40.751551,-73.993934
827,6462.19,40.751047,-73.93796999999999
828,6464.08,40.75255434,-73.97282625
831,6471.02,40.75325964,-73.94335788
839,6498.09,40.75206862,-73.96784384
841,6502.01,40.75326,-73.90585
848,6526.01,40.752762088742045,-73.99280458705105
849,6526.05,40.75461,-73.99176999999999
850,6529.02,40.7531106,-73.9279917
856,6545.07,40.754164,-73.908906
865,6569.08,40.754691750226016,-73.9974018931389
871,6581.14,40.756351,-73.936515
879,6605.08,40.756933200000006,-73.92622309999999
880,6608.09,40.756265,-73.964179
884,6617.09,40.75828065,-73.97069431
885,6621.06,40.757357,-73.904726
886,6626.01,40.75724567911726,-73.97805914282799
891,6644.07,40.75898481399634,-73.99379968643187
894,6654.05,40.757525,-73.901614
901,6662.09,40.75767234025041,-73.90769943594933
912,6703.06,40.76072,-73.910989
916,6720.07,40.759604471387945,-73.9271441102028
921,6735.03,40.760083,-73.907107
931,6756.05,40.762009,-73.996975
939,6779.05,40.76344058,-73.98268129
951,6816.07,40.76370739,-73.9851615
962,6850.01,40.764174520197685,-73.91583994030951
972,6889.12,40.76663814,-73.95348296
983,6923.2,40.7675487799971,-73.92093345522879
990,6943.07,40.767666,-73.910963
1013,7032.06,40.772092,-73.895166
1016,7047.07,40.773015082913815,-73.9111903309822
1023,7062.07,40.772768286288304,-73.9274364709854
1032,7100.07,40.77282817,-73.96685276
1033,7111.1,40.774306,-73.908335
1036,7119.04,40.7729,-73.91614200000001
1037,7121.02,40.77391390238118,-73.9543953537941
1038,7123.04,40.77515953434235,-73.98918695747851
1071,7243.04,40.77862688,-73.95772073
1073,7256.01,40.78001336610564,-73.90667617321014
1075,7265.1,40.7806284,-73.9521667
1078,7284.01,40.780478,-73.912212
1081,7286.05,40.78172120000001,-73.94594000000001
1088,7323.09,40.782322607308814,-73.95987510681151
1112,7443.01,40.78948541553215,-73.9524292945862
1113,7443.17,40.788129999999995,-73.95206
1116,7458.03,40.78839,-73.9747
1146,7602.05,40.798786,-73.9523
1155,7626.02,40.800933,-73.913863
1157,7631.23,40.801694,-73.957145
1160,7639.06,40.801657,-73.909513
1161,7640.04,40.801486600000004,-73.9442507
1165,7648.16,40.802554,-73.933509
1167,7652.04,40.8013066,-73.93981670000001
1171,7658.13,40.803865,-73.955931
1172,7662.13,40.805726,-73.936322
1186,7704.04,40.8078316,-73.949373
1187,7707.08,40.807408,-73.91924
1192,7716.19,40.806414000000004,-73.93608499999999
1193,7719.13,40.807347437082,-73.90809774398805
1194,7720.03,40.808442,-73.94520870000001
1196,7723.01,40.809725,-73.953149
1201,7737.06,40.808890999999996,-73.91081
1211,7755.03,40.811112,-73.914932
1213,7759.08,40.81093,-73.92160600000001
1218,7781.1,40.812734999999996,-73.923697
1220,7788.13,40.811892,-73.90419200000001
1221,7790.04,40.81296,-73.941878
1223,7795.09,40.8125511,-73.9492286
1224,7798.02,40.812298999999996,-73.92036999999999
1226,7803.02,40.812636167693185,-73.92924964427948
1230,7812.01,40.813134999999996,-73.909235
1234,7820.05,40.813990999999994,-73.8855
1237,7830.03,40.814232000000004,-73.903927
1241,7840.05,40.816402000000004,-73.919549
1245,7845.06,40.816576,-73.927987
1247,7851.04,40.815484000000005,-73.935856
1248,7853.01,40.816124,-73.908116
1259,7879.01,40.816827,-73.917338
1261,7883.06,40.816567,-73.888161
1265,7888.1,40.819998999999996,-73.897263
1266,7891.06,40.817802,-73.905203
1273,7906.13,40.820089,-73.928947
1274,7909.07,40.819701,-73.90131099999999
1277,7913.15,40.81989,-73.908351
1279,7918.12,40.819609,-73.916071
1280,7920.01,40.821728,-73.952761
1286,7932.1,40.820877,-73.939249
1288,7937.15,40.821294,-73.947868
1293,7945.07,40.822351,-73.926907
1294,7948.1,40.821967,-73.896752
1298,7959.18,40.822756,-73.951346
1301,7967.04,40.822216999999995,-73.928939
1305,7976.08,40.823498,-73.94386
1306,7979.17,40.824811,-73.91640699999999
1307,7981.16,40.824686,-73.951947
1308,7981.27,40.824013,-73.95474300000001
1310,7984.04,40.823429,-73.924689
1314,7995.04,40.824,-73.91089000000001
1316,8000.02,40.823732,-73.919379
1318,8005.03,40.825737,-73.927311
1320,8008.03,40.826303,-73.898751
1321,8009.05,40.825289,-73.93623199999999
1324,8016.07,40.825716,-73.915585
1326,8018.09,40.826969,-73.949738
1329,8024.05,40.827184,-73.893721
1332,8033.09,40.827075,-73.945909
1333,8036.05,40.827230499624726,-73.91765579597632
1340,8049.1,40.828309999999995,-73.942924
1348,8065.13,40.829229999999995,-73.936996
1349,8068.01,40.829896000000005,-73.907618
1353,8080.01,40.830529,-73.894717
1355,8084.03,40.830471,-73.904556
1358,8085.13,40.830476000000004,-73.939929
1359,8088.01,40.830940000000005,-73.91125
1364,8096.03,40.832057,-73.927421
1366,8100.01,40.830702,-73.936371
1367,8103.05,40.832678,-73.905158
1371,8110.04,40.832648999999996,-73.885272
1373,8111.07,40.83406,-73.92243
1376,8118.02,40.83171,-73.90208
1381,8129.02,40.834123999999996,-73.88955
1383,8137.06,40.834857,-73.903743
1385,8141.01,40.83579,-73.913741
1386,8144.09,40.836273999999996,-73.88430799999999
1388,8149.09,40.834457,-73.928381
1390,8153.1,40.835798,-73.937496
1391,8156.01,40.837213,-73.908345
1393,8157.06,40.835775,-73.9434
1394,8160.03,40.835334,-73.9154
1395,8163.05,40.836733,-73.88793100000001
1396,8167.02,40.835302,-73.895133
1397,8167.04,40.8358771,-73.89314279999999
1398,8171.06,40.837119,-73.902185
1400,8175.06,40.837576,-73.910489
1401,8179.03,40.836490000000005,-73.918316
1404,8183.08,40.83670566862804,-73.92608866095544
1407,8190.03,40.838378999999996,-73.905838
1408,8191.01,40.839137,-73.941409
1410,8194.07,40.838315,-73.912604
1415,8209.01,40.83899,-73.9109
1418,8216.02,40.839194,-73.888587
1419,8218.04,40.839141999999995,-73.925961
1420,8225.05,40.83999,-73.90549
1424,8229.04,40.840494,-73.911479
1426,8236.01,40.841091999999996,-73.892317
1427,8241.07,40.842240000000004,-73.8985
1432,8262.07,40.842940999999996,-73.938631
1433,8265.09,40.84301,-73.91171999999999
1434,8269.01,40.844075,-73.91725600000001
1440,8290.01,40.843965000000004,-73.920999
1442,8303.06,40.84627592921954,-73.90931278467178
1443,8307.05,40.84552,-73.91722
1452,8344.09,40.8496401,-73.91612059999999
1453,8348.02,40.847746,-73.92207900000001
1457,8356.04,40.848793,-73.903178
1471,8416.07,40.852538,-73.93441
1472,8416.1,40.852253000000005,-73.931308
1473,8425.01,40.853685999999996,-73.912498
1474,8428.03,40.853157,-73.918214
1475,8428.04,40.853827,-73.920765
1477,8435.04,40.854123869116,-73.89932222664356
1480,8456.02,40.8549,-73.90281
1481,8458.03,40.855331,-73.937878
1484,8469.05,40.85589030603889,-73.92708241939546
1485,8472.06,40.856987,-73.898237
1488,8478.11,40.855653000000004,-73.905528
1489,8483.02,40.855156,-73.91278
1490,8494.01,40.856708018312546,-73.90265285968779
1491,8494.06,40.8558,-73.89956
1492,8496.01,40.856906,-73.935662
1493,8500.01,40.856302,-73.907302
1495,8510.02,40.858498,-73.89636999999999
1498,8520.01,40.858340000000005,-73.91008000000001
1501,8535.01,40.858340000000005,-73.90626
1506,8547.04,40.862058000000005,-73.92971899999999
1508,8550.04,40.860079999999996,-73.90079
1509,8555.05,40.8604244,-73.9093359997
1513,8571.02,40.86288,-73.90316
1519,8582.09,40.861748,-73.89105
1524,8597.01,40.86557,-73.88807
1525,8601.04,40.86448,-73.89522
1528,8615.01,40.866479999999996,-73.89041999999999
1529,8619.02,40.86659,-73.89794
1530,8624.01,40.866005200000004,-73.904254892
1531,8631.03,40.867,-73.88577640000001
1532,8632.07,40.866141,-73.922648
1533,8635.08,40.867670000000004,-73.89286
1535,8639.01,40.866899,-73.901942
1538,8647.1,40.86709406268147,-73.91729503870009
1541,8653.09,40.86874,-73.89657
1545,8665.09,40.86788,-73.919685
1547,8676.01,40.87069,-73.90678
1548,8679.03,40.86932465640094,-73.91519755125046
1551,8699.01,40.8704956,-73.8818756582
1553,8707.01,40.871559999999995,-73.89714000000001
1557,8717.07,40.87207,-73.88459
1559,8732.04,40.8730545893709,-73.91837194561957
1561,8734.04,40.87382,-73.88661
1562,8738.01,40.873870000000004,-73.89533
1563,8748.02,40.874070399999994,-73.88336509310001
1569,8795.03,40.877964,-73.88475502909999
1572,8841.03,40.882259999999995,-73.88701999999999
